NAMA PARTAI POLITIK,NAMA CALON LEGESLATIF,JENIS KELAMIN,KECAMATAN,NO.URUT PARPOL,SUARA SAH PARTAI,JUML.PEROLEHAN KURSI,DAERAH PEMILIHAN,NO.URUT CALEG,SUARA SAH CALEG,TERPILIH ATAU TIDAK
HATI NURANI RAKYAT ,"TOTO SUKISNO,BSc",L,LEBAKSIU,1,18578,1,1,1,594,TIDAK
HATI NURANI RAKYAT ,"EDI PURYANTO,SH",L,SLAWI,1,18578,1,1,2,943,TIDAK
HATI NURANI RAKYAT ,"ELI RETNOWATI,SH",P,SLAWI,1,18578,1,1,3,1730,TIDAK
HATI NURANI RAKYAT ,SAHYUDIN,L,DUKUHWARU,1,18578,1,1,4,2508,YA
HATI NURANI RAKYAT ,"H.FAJAR SIGIT KUSUMAJAYA,SH",L,SLAWI,1,18578,1,2,1,923,TIDAK
HATI NURANI RAKYAT ,SUMIRAH ,P,TARUB,1,18578,1,2,2,308,TIDAK
HATI NURANI RAKYAT ,DARYOTO,L,TARUB,1,18578,1,2,3,54,TIDAK
HATI NURANI RAKYAT ,"KHAPIP APRONI,S.Pdi",L,BOJONG,1,18578,1,3,1,1682,TIDAK
HATI NURANI RAKYAT ,ENDANG SUCI RAHAYU,P,JATINEGARA,1,18578,1,3,2,918,TIDAK
HATI NURANI RAKYAT ,"KH.CHAFIDZ ISA MUFTI ,LC",L,SLAWI,1,18578,1,3,3,87,TIDAK
HATI NURANI RAKYAT ,"H.WALUYO,SIP",L,BALAPULANG,1,18578,1,4,1,728,TIDAK
HATI NURANI RAKYAT ,"DARJITO,SE",L,MARGASARI ,1,18578,1,4,2,346,TIDAK
HATI NURANI RAKYAT ,DWI INDAH LISTYANINGRUM,P,LEBAKSIU,1,18578,1,4,3,184,TIDAK
HATI NURANI RAKYAT ,SUSANTO,L,LEBAKSIU,1,18578,1,5,1,381,TIDAK
HATI NURANI RAKYAT ,ALIMI,L,ADIWERNA,1,18578,1,5,2,148,TIDAK
HATI NURANI RAKYAT ,POERWO LESTARI,P,SLAWI,1,18578,1,5,3,128,TIDAK
HATI NURANI RAKYAT ,KUSMORO,L,SLAWI,1,18578,1,6,1,441,TIDAK
HATI NURANI RAKYAT ,"NANANG JUWAHIR,SH",L,BOJONG,1,18578,1,6,2,88,TIDAK
HATI NURANI RAKYAT ,USWATUN KHASANAH,P,BALAPULANG,1,18578,1,6,3,74,TIDAK
PARTAI KARYA PEDULI BANGSA,SUPRIYATIN,P,PAGERBARANG,2,12373,0,1,1,351,TIDAK
PARTAI KARYA PEDULI BANGSA,MULIATI FARDILAH,P,PANGAH,2,12373,0,2,1,972,TIDAK
PARTAI KARYA PEDULI BANGSA,TANURI,L,WARUREJA,2,12373,0,2,2,307,TIDAK
PARTAI KARYA PEDULI BANGSA,"SIROD,BSc",L,MARGASARI ,2,12373,0,3,1,274,TIDAK
PARTAI KARYA PEDULI BANGSA,KASMUI,L,MARGASARI ,2,12373,0,3,2,186,TIDAK
PARTAI KARYA PEDULI BANGSA,MUSTOFA,L,MARGASARI ,2,12373,0,4,1,844,TIDAK
PARTAI KARYA PEDULI BANGSA,ABU NAWAS,L,MARGASARI ,2,12373,0,4,2,333,TIDAK
PARTAI KARYA PEDULI BANGSA,"MASANI SUKIM,SH",L,ADIWERNA,2,12373,0,5,1,804,TIDAK
PARTAI KARYA PEDULI BANGSA,NURCHIKMAH,P,ADIWERNA,2,12373,0,5,2,275,TIDAK
PARTAI KARYA PEDULI BANGSA,NANING SUDIARNI,L,WARUREJA,2,12373,0,6,1,848,TIDAK
PARTAI KARYA PEDULI BANGSA,KAMARI,L,KRAMAT,2,12373,0,6,2,461,TIDAK
PARTAI KARYA PEDULI BANGSA,MUJAHIDIN,L,SURODADI,2,12373,0,6,3,119,TIDAK
PARTAI PENGUSAHA DAN pekerja indonesia,"HANI YULIANTI, S.Sos.i",P,ADIWERNA,3,2646,0,1,1,130,TIDAK
PARTAI PENGUSAHA DAN pekerja indonesia,KUSNAN,L,TARUB,3,2646,0,2,1,219,TIDAK
PARTAI PENGUSAHA DAN pekerja indonesia,"IZZATUL ALIYAH, S.Ag",P,KRAMAT,3,2646,0,5,1,154,TIDAK
PARTAI PENGUSAHA DAN pekerja indonesia,SUKANDAR,L,KRAMAT,3,2646,0,6,1,179,TIDAK
PARTAI PEDULI RAKYAT ,IRWAN SETYO ATMOKO,L,SLAWI,4,7241,0,1,1,237,TIDAK
PARTAI PEDULI RAKYAT ,TOIPIN,L,JATINEGARA,4,7241,0,3,1,621,TIDAK
PARTAI PEDULI RAKYAT ,ROZIKIN,L,DUKUH TURI,4,7241,0,5,1,1912,TIDAK
PARTAI PEDULI RAKYAT ,M.MUHADJIRIN S,L,KRAMAT,4,7241,0,6,1,265,TIDAK
PARTAI PEDULI RAKYAT ,NURIPAH,P,KRAMAT,4,7241,0,6,2,117,TIDAK
PARTAI PEDULI RAKYAT ,PETRUS SUNARYO WENO,L,KRAMAT,4,7241,0,6,3,110,TIDAK
PARTAI PEDULI RAKYAT ,R. AYU YOHANAH,P,KRAMAT,4,7241,0,6,4,124,TIDAK
PARTAI GERINDRA,"YASIN MUSTOFA,S.Ag",L,SLAWI,5,21642,1,1,1,504,TIDAK
PARTAI GERINDRA,SUGIHARTO,L,SLAWI,5,21642,1,1,2,500,TIDAK
PARTAI GERINDRA,ENDANG WERDININGSIH,P,SLAWI,5,21642,1,1,3,286,TIDAK
PARTAI GERINDRA,IMAM SUBEJO,L,SLAWI,5,21642,1,1,4,237,TIDAK
PARTAI GERINDRA,"Dr.H.M.BUDI SUTRISNO,M.Kes",L,TARUB,5,21642,1,2,1,3149,YA
PARTAI GERINDRA,KUSMIYATI,P,TARUB,5,21642,1,2,2,494,TIDAK
PARTAI GERINDRA,"SUDIYONO,S,Sos",L,TARUB,5,21642,1,2,3,423,TIDAK
PARTAI GERINDRA,"SUTOYO,Spd",L,SLAWI,5,21642,1,3,1,678,TIDAK
PARTAI GERINDRA,"SRI MUDIROCH,",P,SLAWI,5,21642,1,3,2,258,TIDAK
PARTAI GERINDRA,BAMBANG TRI S,L,BUMIJAWA,5,21642,1,3,3,186,TIDAK
PARTAI GERINDRA,AKHMAD CHOLID,L,ADIWERNA,5,21642,1,4,1,891,TIDAK
PARTAI GERINDRA,SRI BUDI LESTARI,P,SLAWI,5,21642,1,4,2,255,TIDAK
PARTAI GERINDRA,AHMAD AL TORIK HR,L,SLAWI,5,21642,1,4,3,1328,TIDAK
PARTAI GERINDRA,NASROCHI,L,TALANG,5,21642,1,5,1,1293,TIDAK
PARTAI GERINDRA,SISWOYO,L,TALANG,5,21642,1,5,2,902,TIDAK
PARTAI GERINDRA,"SITI MUJIROH,Amd",P,TALANG,5,21642,1,5,3,583,TIDAK
PARTAI GERINDRA,"M.IMAN SANTOSO,SE",L,KRAMAT,5,21642,1,6,1,446,TIDAK
PARTAI GERINDRA,"R.UNTUNG SETIJADI,SH",L,KRAMAT,5,21642,1,6,2,195,TIDAK
PARTAI GERINDRA,ENI NURYATI,P,KRAMAT,5,21642,1,6,3,152,TIDAK
PARTAI GERINDRA,"AKHMAD MUKHOFID,S.Ag",L,KRAMAT,5,21642,1,6,4,157,TIDAK
PARTAI GERINDRA,NODAHYO,P,KRAMAT,5,21642,1,6,5,231,TIDAK
PARTAI BARISAN NASIONAL,MAKMURI,L,KRAMAT,6,1079,0,3,1,95,TIDAK
PARTAI BARISAN NASIONAL,TATANG BUDIONO,L,KRAMAT,6,1079,0,3,2,121,TIDAK
PARTAI BARISAN NASIONAL,DWI TYAS UTAMI,P,KRAMAT,6,1079,0,3,3,18,TIDAK
PARTAI BARISAN NASIONAL,PURWANTO,L,KRAMAT,6,1079,0,4,1,148,TIDAK
PARTAI BARISAN NASIONAL,SUKISWO,L,TARUB,6,1079,0,5,1,106,TIDAK
PARTAI KEADILAN PERSATUAN INDONESIA,SUTONO PRAM,L,SLAWI,7,961,0,1,1,111,TIDAK
PARTAI KEADILAN PERSATUAN INDONESIA,"PANDU P HANDANI ,SIP",L,KALISAPU,7,961,0,5,1,93,TIDAK
PARTAI KEADILAN SEJAHTERA,"MUSTOFA,S.Pdi",L,SLAWI,8,48136,5,1,1,1697,YA
PARTAI KEADILAN SEJAHTERA,dr.MOHAMAD SOFWAN ARIFI,L,LEBAKSIU,8,48136,5,1,2,790,TIDAK
PARTAI KEADILAN SEJAHTERA,"YULI SUSIYANTI,S.si",P,LEBAKSIU,8,48136,5,1,3,432,TIDAK
PARTAI KEADILAN SEJAHTERA,"HASAN SADILI,S.Ag",L,DUKUHWARU,8,48136,5,1,4,979,TIDAK
PARTAI KEADILAN SEJAHTERA,"WAHYUNINGSIH,SS",P,SLAWI,8,48136,5,1,5,841,TIDAK
PARTAI KEADILAN SEJAHTERA,SAKURI,L,SLAWI,8,48136,5,1,6,485,TIDAK
PARTAI KEADILAN SEJAHTERA,"AKMAD ROMDONI,SE",L,DUKUHWARU,8,48136,5,1,7,1076,TIDAK
PARTAI KEADILAN SEJAHTERA,"UMI ZINAH ZAKIYAH,SPdi",P,SLAWI,8,48136,5,1,8,235,TIDAK
PARTAI KEADILAN SEJAHTERA,"DIDIN NUR SUPRIYADI, SHI",L,SLAWI,8,48136,5,1,9,338,TIDAK
PARTAI KEADILAN SEJAHTERA,YAHYA,L,TALANG,8,48136,5,2,1,720,TIDAK
PARTAI KEADILAN SEJAHTERA,SAATUL KHOTIMAH,P,KEDUNGBANTENG,8,48136,5,2,2,505,TIDAK
PARTAI KEADILAN SEJAHTERA,"AJI KURNIA DERMAWAN,SH",L,PANGKAH,8,48136,5,2,3,886,TIDAK
PARTAI KEADILAN SEJAHTERA,"SUHERMAN,SE",L,SLAWI,8,48136,5,2,4,639,TIDAK
PARTAI KEADILAN SEJAHTERA,AHMAD YANI,L,PANGKAH,8,48136,5,2,5,367,TIDAK
PARTAI KEADILAN SEJAHTERA,KHAFIDOH,P,PANGKAH,8,48136,5,2,6,104,TIDAK
PARTAI KEADILAN SEJAHTERA,EDI SULASTOMO,L,TARUB,8,48136,5,2,7,159,TIDAK
PARTAI KEADILAN SEJAHTERA,SAFRUDIN,L,SLAWI,8,48136,5,2,8,69,TIDAK
PARTAI KEADILAN SEJAHTERA,TINTIN RIWAYATINI,P,Kec.BUMIJAWA,8,48136,5,3,1,696,TIDAK
PARTAI KEADILAN SEJAHTERA,"IMAM YULIARTO, S.Pd",L,Kec.JATINEGARA,8,48136,5,3,2,414,TIDAK
PARTAI KEADILAN SEJAHTERA,"ABDUL SEKHUDIN, SHI",L,Kec.BUMIJAWA,8,48136,5,3,3,1297,TIDAK
PARTAI KEADILAN SEJAHTERA,"SLAMET, SE",L,Kec.BOJONG,8,48136,5,3,4,1701,YA
PARTAI KEADILAN SEJAHTERA,"MOH ZAENAL, S.Pdi",L,Kec.JATINEGARA,8,48136,5,3,5,151,TIDAK
PARTAI KEADILAN SEJAHTERA,"APRILIANI WULANDINI, Amd",L,Kec.BOJONG,8,48136,5,3,6,42,TIDAK
PARTAI KEADILAN SEJAHTERA,SOPIYAH,P,Kec.JATINEGARA,8,48136,5,3,7,45,TIDAK
PARTAI KEADILAN SEJAHTERA,"WAKHIDIN,BA",L,Kec. MARGASARI,8,48136,5,4,1,2656,YA
PARTAI KEADILAN SEJAHTERA,IKHYA,L,Kec. SLAWI,8,48136,5,4,2,926,TIDAK
PARTAI KEADILAN SEJAHTERA,DEWI DARMAWATI,P,Kec. PAGERBARANG,8,48136,5,4,3,177,TIDAK
PARTAI KEADILAN SEJAHTERA,"SUDIRMAN,SPd",L,Kec. MARGASARI,8,48136,5,4,4,234,TIDAK
PARTAI KEADILAN SEJAHTERA,"SUKRIYAH,SH",L,Kec. BALAPULANG,8,48136,5,4,5,312,TIDAK
PARTAI KEADILAN SEJAHTERA,IMAM CHASANUDIN,L,Kec. BALAPULANG,8,48136,5,4,6,387,TIDAK
PARTAI KEADILAN SEJAHTERA,"IMAM SIBAWEH,SAg",L,Kec. MARGASARI,8,48136,5,4,7,575,TIDAK
PARTAI KEADILAN SEJAHTERA,NURASIAH,P,Kec. MARGASARI,8,48136,5,4,8,165,TIDAK
PARTAI KEADILAN SEJAHTERA,"H.GHASIM BZ,SH",L,Kec. BALAPULANG,8,48136,5,4,9,388,TIDAK
PARTAI KEADILAN SEJAHTERA,DAROJAT,L,Kec. PAGERBARANG,8,48136,5,4,10,281,TIDAK
PARTAI KEADILAN SEJAHTERA,AMIRUDIN JAMAL,L,Kec. ADIWERNA,8,48136,5,5,1,1445,YA
PARTAI KEADILAN SEJAHTERA,"NURAENI HIDAYATI,SPd",P,Kec.DUKUHTURI,8,48136,5,5,2,630,TIDAK
PARTAI KEADILAN SEJAHTERA,ARIP BUDIONO,L,Kec.TALANG,8,48136,5,5,3,460,TIDAK
PARTAI KEADILAN SEJAHTERA,"WARYO, AM,SHI",L,Kec.DUKUHTURI,8,48136,5,5,4,296,TIDAK
PARTAI KEADILAN SEJAHTERA,FARIKHUN,L,Kec.ADIWERNA,8,48136,5,5,5,393,TIDAK
PARTAI KEADILAN SEJAHTERA,"Hj.KHOMISAH,Amd",P,Kec.ADIWERNA,8,48136,5,5,6,203,TIDAK
PARTAI KEADILAN SEJAHTERA,MOH. ARIFIN,L,Kec.DUKUHTURI,8,48136,5,5,7,258,TIDAK
PARTAI KEADILAN SEJAHTERA,ANI DEWI MULYANTI,P,Kec.ADIWERNA,8,48136,5,5,8,206,TIDAK
PARTAI KEADILAN SEJAHTERA,"TRI ASTUTI HANDAYANI,SE",P,Kec.DUKUHTURI,8,48136,5,5,9,198,TIDAK
PARTAI KEADILAN SEJAHTERA,KUSEN,L,Kec.ADIWERNA,8,48136,5,5,10,263,TIDAK
PARTAI KEADILAN SEJAHTERA,TOTO WARYANTO,L,Kec. SLAWI,8,48136,5,6,1,2081,TIDAK
PARTAI KEADILAN SEJAHTERA,"TEGUH RUSYANTO,SPdi",L,Kec. SLAWI,8,48136,5,6,2,412,TIDAK
PARTAI KEADILAN SEJAHTERA,"AMESTONI,SKp",P,Kec. KRAMAT,8,48136,5,6,3,1379,TIDAK
PARTAI KEADILAN SEJAHTERA,"BAKHRUN,SH",L,Kec. SURADADI,8,48136,5,6,4,5214,YA
PARTAI KEADILAN SEJAHTERA,"WAHADI,SE",L,Kec. KRAMAT,8,48136,5,6,5,454,TIDAK
PARTAI KEADILAN SEJAHTERA,"MAR'ATUSH SHOLIHAH,Amd",P,Kec. KRAMAT,8,48136,5,6,6,203,TIDAK
PARTAI KEADILAN SEJAHTERA,DAKRI,L,Kec. WARUREJO,8,48136,5,6,7,203,TIDAK
PARTAI KEADILAN SEJAHTERA,"SUMARDI,SPdi",L,Kec. SURADADI,8,48136,5,6,8,2239,TIDAK
PARTAI KEADILAN SEJAHTERA,RINI KUSRINI,P,Kec. WARUREJO,8,48136,5,6,9,126,TIDAK
PARTAI AMANAT NASIONAL,SUTRASNO,L,LEBAKSIU,9,43317,5,1,1,967,TIDAK
PARTAI AMANAT NASIONAL,"H.SYAMSU RIJAL, BE",L,SLAWI,9,43317,5,1,2,2067,YA
PARTAI AMANAT NASIONAL,YUYUN DWI UMNIYATI,P,BALAPULANG,9,43317,5,1,3,116,TIDAK
PARTAI AMANAT NASIONAL,"ISMONO FAHMI,SH",L,DUKUHWARU,9,43317,5,1,4,1176,TIDAK
PARTAI AMANAT NASIONAL,"MAKMURI, SH",L,TARUB,9,43317,5,2,1,796,TIDAK
PARTAI AMANAT NASIONAL,AGUS HALIM,L,ADIWERNA,9,43317,5,2,2,174,TIDAK
PARTAI AMANAT NASIONAL,Drs. GUFRONI,L,PANGKAH,9,43317,5,2,3,736,TIDAK
PARTAI AMANAT NASIONAL,"MUFRODI, S.Pdi",L,PANGKAH,9,43317,5,2,4,2615,TIDAK
PARTAI AMANAT NASIONAL,Drs.M.TOPAN,L,BOJONG,9,43317,5,3,1,1788,TIDAK
PARTAI AMANAT NASIONAL,"MA'MUN MARNOTO,ST",L,JATINEGARA,9,43317,5,3,2,1297,TIDAK
PARTAI AMANAT NASIONAL,"URIPAH, Amd Kep",P,BOJONG,9,43317,5,3,3,389,TIDAK
PARTAI AMANAT NASIONAL,HELMI AMRULLOH,L,BUMIJAWA,9,43317,5,3,4,2560,YA
PARTAI AMANAT NASIONAL,Drs.A.TAUFIQUROCHMAN,L,MARGASARI ,9,43317,5,4,1,1213,TIDAK
PARTAI AMANAT NASIONAL,AKHMAD BAEDOWI,L,ADIWERNA,9,43317,5,4,2,171,TIDAK
PARTAI AMANAT NASIONAL,"ZAENUL SUHADA,S.Sos",L,BALAPULANG,9,43317,5,4,3,1461,YA
PARTAI AMANAT NASIONAL,ROBI MAS SUTARJO,L,MARGASARI ,9,43317,5,4,4,458,TIDAK
PARTAI AMANAT NASIONAL,ROKHANI,L,MARGASARI ,9,43317,5,4,5,729,TIDAK
PARTAI AMANAT NASIONAL,ZUMROTUN,P,ADIWERNA,9,43317,5,4,6,25,TIDAK
PARTAI AMANAT NASIONAL,"AHMAD EFENDI R, SIP",L,BALAPULANG,9,43317,5,4,7,31,TIDAK
PARTAI AMANAT NASIONAL,SAHURI,L,TALANG,9,43317,5,5,1,7765,YA
PARTAI AMANAT NASIONAL,Drs. BASORI,L,ADIWERNA,9,43317,5,5,2,3921,TIDAK
PARTAI AMANAT NASIONAL,SITI KHAFIDOH,P,SLAWI,9,43317,5,5,3,180,TIDAK
PARTAI AMANAT NASIONAL,KARTONO,L,ADIWERNA,9,43317,5,5,4,196,TIDAK
PARTAI AMANAT NASIONAL,"SYAEKHUL BAKRI, SE",L,ADIWERNA,9,43317,5,5,5,573,TIDAK
PARTAI AMANAT NASIONAL,DASUKI,L,KRAMAT,9,43317,5,6,1,2251,TIDAK
PARTAI AMANAT NASIONAL,"YUSWAN MAULANA, ST",L,KRAMAT,9,43317,5,6,2,2319,YA
PARTAI AMANAT NASIONAL,Dra. Hj. ETIKA SUKMAWATI,P,KRAMAT,9,43317,5,6,3,808,TIDAK
PARTAI KEDAULATAN,"YUDO PUJIASTOMO, SH",L,LEBAKSIU,11,504,0,1,1,62,TIDAK
PARTAI KEDAULATAN,DANANG SUBIYANTORO,L,BOJONG,11,504,0,3,1,37,TIDAK
PARTAI KEDAULATAN,SITI NUR AZIZAH,P,DUKUHTURI,11,504,0,5,1,108,TIDAK
PARTAI KEDAULATAN,MURNIA AFNAH,P,DUKUHTURI,11,504,0,5,2,30,TIDAK
PARTAI PERSATUAN DAERAH,Drs. DJOKO MULYONO DARMADI,L,SLAWI,12,226,0,1,1,36,TIDAK
PARTAI PERSATUAN DAERAH,MUHAMAD MUNADIRIN,L,BOJONG,12,226,0,3,1,59,TIDAK
PARTAI KEBANGKITAN BANGSA,"ABDUL BAAR,SHI",L,LEBAKSIU,13,108961,8,1,1,4622,YA
PARTAI KEBANGKITAN BANGSA,AHMAD LUKNI MAULANA,L,DUKUHWARU,13,108961,8,1,2,2940,TIDAK
PARTAI KEBANGKITAN BANGSA,"NUR AFLAKHATUN,S.Pdi",P,LEBAKSIU,13,108961,8,1,3,1350,TIDAK
PARTAI KEBANGKITAN BANGSA,Drs. ALI MURTADO,L,LEBAKSIU,13,108961,8,1,4,391,TIDAK
PARTAI KEBANGKITAN BANGSA,SONO SUGIARTO,L,SLAWI,13,108961,8,1,5,360,TIDAK
PARTAI KEBANGKITAN BANGSA,HJ.SITI AISAH,L,SLAWI,13,108961,8,1,6,980,TIDAK
PARTAI KEBANGKITAN BANGSA,APRONI,L,SLAWI,13,108961,8,1,7,1042,TIDAK
PARTAI KEBANGKITAN BANGSA,KHOZI'IN,L,SLAWI,13,108961,8,1,8,50,TIDAK
PARTAI KEBANGKITAN BANGSA,RM TEGUH IMAN DARUS JAMIN,L,KEDUNGBANTENG,13,108961,8,2,1,2219,TIDAK
PARTAI KEBANGKITAN BANGSA,AGUS SALIM,L,PANGKAH,13,108961,8,2,2,6334,YA
PARTAI KEBANGKITAN BANGSA,SURATMI,P,PANGKAH,13,108961,8,2,3,1165,TIDAK
PARTAI KEBANGKITAN BANGSA,MOHAMMAD YAMIN,L,PANGKAH,13,108961,8,2,4,5351,TIDAK
PARTAI KEBANGKITAN BANGSA,MOHAMMAD DUROCHIM,L,PANGKAH,13,108961,8,2,5,424,TIDAK
PARTAI KEBANGKITAN BANGSA,MUNIF,L,BUMIJAWA,13,108961,8,3,1,5006,YA
PARTAI KEBANGKITAN BANGSA,RIEN WIDYANINGTIAS,P,BUMIJAWA,13,108961,8,3,2,762,TIDAK
PARTAI KEBANGKITAN BANGSA,"MUSLIKHUN, S.Ag",L,BOJONG,13,108961,8,3,3,1621,TIDAK
PARTAI KEBANGKITAN BANGSA,SAYID AGIL,L,BUMIJAWA,13,108961,8,3,4,2951,TIDAK
PARTAI KEBANGKITAN BANGSA,WAIDI,P,BUMIJAWA,13,108961,8,3,5,2288,TIDAK
PARTAI KEBANGKITAN BANGSA,"AL FAUZIYAH, S.Pdi",,JATINEGARA,13,108961,8,3,6,130,TIDAK
PARTAI KEBANGKITAN BANGSA,A. FIRDAUS ASSYAIROZI,L,LEBAKSIU,13,108961,8,4,1,4195,YA
PARTAI KEBANGKITAN BANGSA,A. DODI SUBKHAN,L,PAGERBARANG,13,108961,8,4,2,2207,TIDAK
PARTAI KEBANGKITAN BANGSA,AKHNAFIYAH,P,BALAPULANG,13,108961,8,4,3,2282,TIDAK
PARTAI KEBANGKITAN BANGSA,BUNASIR,L,MARGASARI ,13,108961,8,4,4,2939,TIDAK
PARTAI KEBANGKITAN BANGSA,IMRON ROSYADI,L,BALAPULANG,13,108961,8,4,5,1017,TIDAK
PARTAI KEBANGKITAN BANGSA,MOHAMAD AL EFENDI,L,BALAPULANG,13,108961,8,4,6,56,TIDAK
PARTAI KEBANGKITAN BANGSA,IRFAN KHISANI,L,PAGERBARANG,13,108961,8,4,7,298,TIDAK
PARTAI KEBANGKITAN BANGSA,LATIFAH,P,SLAWI,13,108961,8,4,8,110,TIDAK
PARTAI KEBANGKITAN BANGSA,H.A NADIRUN FAIZI,L,TALANG,13,108961,8,5,1,2638,TIDAK
PARTAI KEBANGKITAN BANGSA,MULYATISAH,P,DUKUHTURI,13,108961,8,5,2,2458,TIDAK
PARTAI KEBANGKITAN BANGSA,BISRI MUSTOFA,L,ADIWERNA,13,108961,8,5,3,3368,YA
PARTAI KEBANGKITAN BANGSA,"AGUS SISWOYO, FN, S.Pdi",L,DUKUHTURI,13,108961,8,5,4,1892,TIDAK
PARTAI KEBANGKITAN BANGSA,A.ZAELANI,L,TALANG,13,108961,8,5,5,9567,YA
PARTAI KEBANGKITAN BANGSA,FASICHATUN,P,SLAWI,13,108961,8,5,6,183,TIDAK
PARTAI KEBANGKITAN BANGSA,MARKASAN,L,DUKUHTURI,13,108961,8,5,7,2571,TIDAK
PARTAI KEBANGKITAN BANGSA,ABDUL MAJID ,L,DUKUHTURI,13,108961,8,5,8,937,TIDAK
PARTAI KEBANGKITAN BANGSA,"Hj. LILIS SETIANINGSIH, S.Pdi",P,SLAWI,13,108961,8,5,9,293,TIDAK
PARTAI KEBANGKITAN BANGSA,"TAFSIR, MOH",L,DUKUHTURI,13,108961,8,5,10,3799,YA
PARTAI KEBANGKITAN BANGSA,MUHAMMAD BURHANI,L,DUKUHTURI,13,108961,8,5,11,577,TIDAK
PARTAI KEBANGKITAN BANGSA,UMI AZKIYANI,P,LEBAKSIU,13,108961,8,6,1,4112,YA
PARTAI KEBANGKITAN BANGSA,FATIKHA,P,KRAMAT,13,108961,8,6,2,1221,TIDAK
PARTAI KEBANGKITAN BANGSA,AGUS TAUFIK,L,KRAMAT,13,108961,8,6,3,504,TIDAK
PARTAI KEBANGKITAN BANGSA,A. SUYANTO,L,KRAMAT,13,108961,8,6,4,1390,TIDAK
PARTAI NASIONAL INDONESIA MARHAENISME,YUDI KRISTIANTO,L,SLAWI,15,812,0,1,1,289,TIDAK
PARTAI NASIONAL INDONESIA MARHAENISME,MUHAMAD SUKRI,L,PAGERBARANG,15,812,0,4,1,98,TIDAK
PARTAI DEMOKRASI PEMBARUAN,WARIDIN,L,SLAWI,16,7895,0,1,1,2069,TIDAK
PARTAI DEMOKRASI PEMBARUAN,SOPIJAH,P,SLAWI,16,7895,0,1,2,541,TIDAK
PARTAI DEMOKRASI PEMBARUAN,SRI SUHARTATI,P,SLAWI,16,7895,0,1,2,201,TIDAK
PARTAI DEMOKRASI PEMBARUAN,IWAN BUDI RUIS SUTOPO,L,MARGASARI ,16,7895,0,2,1,81,TIDAK
PARTAI DEMOKRASI PEMBARUAN,HIDAYAT,L,PANGKAH,16,7895,0,2,2,327,TIDAK
PARTAI DEMOKRASI PEMBARUAN,SAMSI,L,BUMIJAWA,16,7895,0,3,1,194,TIDAK
PARTAI DEMOKRASI PEMBARUAN,EKO RIYANTO,P,ADIWERNA,16,7895,0,4,1,1614,TIDAK
PARTAI DEMOKRASI PEMBARUAN,HARNOKO SUHARI,L,DUKUHWARU,16,7895,0,4,2,254,TIDAK
PARTAI DEMOKRASI PEMBARUAN,LENI RINDUWATI,L,SLAWI,16,7895,0,4,3,454,TIDAK
PARTAI DEMOKRASI PEMBARUAN,WAHYUDI,P,SLAWI,16,7895,0,4,4,55,TIDAK
PARTAI DEMOKRASI PEMBARUAN,"MURNIASIH,SE",P,ADIWERNA,16,7895,0,5, ,364,TIDAK
PARTAI DEMOKRASI PEMBARUAN,BAMBANG SETIAWAN,L,PAGERBARANG,16,7895,0,5,,86,TIDAK
PARTAI DEMOKRASI PEMBARUAN,SOLIKHA,P,ADIWERNA,16,7895,0,5,,248,TIDAK
PARTAI DEMOKRASI PEMBARUAN,SUGENG,L,DUKUHWARU,16,7895,0,6,,34,TIDAK
PARTAI DEMOKRASI PEMBARUAN,JOHANA TRI ASMARA P.,P,SLAWI,16,7895,0,6,,22,TIDAK
PARTAI MATAHARI BANGSA,"MUFRONI, BSc",L,SLAWI,18,2570,0,1,1,404,TIDAK
PARTAI MATAHARI BANGSA,"BURHANUDIN,SH",L,PANGKAH,18,2570,0,2,1,432,TIDAK
PARTAI MATAHARI BANGSA,"H SEFRUDIN,SE",L,TALANG,18,2570,0,5,1,890,TIDAK
PARTAI MATAHARI BANGSA,BARIROH,P,ADIWERNA,18,2570,0,5,2,230,TIDAK
PARTAI PENEGAK DEMOKRASI INDONESIA,SETO HANDOKO DWI SAPUTRO,L,SLAWI,19,473,0,1,1,112,TIDAK
PARTAI PENEGAK DEMOKRASI INDONESIA,DEWI NURLAELA SARI WIDIASTUTI,P,SLAWI,19,473,0,2,1,20,TIDAK
PARTAI PENEGAK DEMOKRASI INDONESIA,SUKMAWATI PUJI KATIKA,P,SLAWI,19,473,0,5,1,46,TIDAK
PARTAI DEMOKRASI KEBANGSAAN,SURYANTO,L,DUKUHWARU,20,322,0,1,1,118,TIDAK
PARTAI DEMOKRASI KEBANGSAAN,"MULYONO,SPd",L,SURODADI,20,322,0,6,1,78,TIDAK
PARTAI PELOPOR,"UNTORO SULAIMAN,SH",L,SLAWI,22,56,0,2,1,11,TIDAK
PARTAI GOLONGAN KARYA,"M KHUZAENI,SE,SH",L,LEBAKSIU,23,57712,6,1,1,2871,YA
PARTAI GOLONGAN KARYA,TRESNI MARYANA,P,LEBAKSIU,23,57712,6,1,2,1606,TIDAK
PARTAI GOLONGAN KARYA,SANURI,L,LEBAKSIU,23,57712,6,1,3,1118,TIDAK
PARTAI GOLONGAN KARYA,"Drs. H. MARZOEKI SOERADIDJAJA, SH, Msi",L,SLAWI,23,57712,6,1,4,1042,TIDAK
PARTAI GOLONGAN KARYA,"WIHARSIH,SH",P,SLAWI,23,57712,6,1,5,2138,TIDAK
PARTAI GOLONGAN KARYA,A.  HEMIN,L,JATIRAWA,23,57712,6,2,1,1000,TIDAK
PARTAI GOLONGAN KARYA,ABDUL KODIR,L,PANGKAH,23,57712,6,2,2,348,TIDAK
PARTAI GOLONGAN KARYA,"Hj. SUGIHARTI,.SH",P,PANGKAH,23,57712,6,2,3,1652,TIDAK
PARTAI GOLONGAN KARYA,ELING SUSILO,L,PANGKAH,23,57712,6,2,4,790,TIDAK
PARTAI GOLONGAN KARYA,"SURURI,H.SHI",L,TARUB,23,57712,6,2,5,2389,TIDAK
PARTAI GOLONGAN KARYA,KETI KULMUBAROK,P,KEDUNGBANTENG,23,57712,6,2,6,425,TIDAK
PARTAI GOLONGAN KARYA,"PRAYITNO,SH",L,PANGKAH,23,57712,6,2,7,3424,YA
PARTAI GOLONGAN KARYA,"MUARIS,SH",L,BOJONG,23,57712,6,3,1,2505,YA
PARTAI GOLONGAN KARYA,NURIDIN,L,BUMIJAWA,23,57712,6,3,2,1832,TIDAK
PARTAI GOLONGAN KARYA,SRI SULASMI,P,BOJONG,23,57712,6,3,3,675,TIDAK
PARTAI GOLONGAN KARYA,BUSAERI,L,JATINEGARA,23,57712,6,3,4,1240,TIDAK
PARTAI GOLONGAN KARYA,HUMAM,L,BALAPULANG,23,57712,6,4,1,1405,TIDAK
PARTAI GOLONGAN KARYA,"SOLIKHIN, H, S.Ag",L,MARGASARI ,23,57712,6,4,2,1115,TIDAK
PARTAI GOLONGAN KARYA,AMIRANTI,P,BALAPULANG,23,57712,6,4,3,646,TIDAK
PARTAI GOLONGAN KARYA,"TEGUH SUDIRO,SE",L,BALAPULANG,23,57712,6,4,4,2021,YA
PARTAI GOLONGAN KARYA,KHAERI MASRUKHI,L,BALAPULANG,23,57712,6,4,5,675,TIDAK
PARTAI GOLONGAN KARYA,MARYONO,L,BALAPULANG,23,57712,6,4,6,492,TIDAK
PARTAI GOLONGAN KARYA,"TANUSI, H, SE",L,MARGASARI ,23,57712,6,4,7,499,TIDAK
PARTAI GOLONGAN KARYA,LISTIOWATI,P,MARGASARI ,23,57712,6,4,8,39,TIDAK
PARTAI GOLONGAN KARYA,KISWORO,L,PAGERBARANG,23,57712,6,4,9,138,TIDAK
PARTAI GOLONGAN KARYA,"SISWO, S.Pd",L,MARGASARI ,23,57712,6,4,10,618,TIDAK
PARTAI GOLONGAN KARYA,SUPARNO AP,L,SLAWI,23,57712,6,5,1,785,TIDAK
PARTAI GOLONGAN KARYA,"TANURI, HM",L,DUKUHTURI,23,57712,6,5,2,430,TIDAK
PARTAI GOLONGAN KARYA,"DIANE PRAMASHINTA,SH",P,TALANG,23,57712,6,5,3,639,TIDAK
PARTAI GOLONGAN KARYA,"UDIN ZAINUDIN,SH",L,TALANG,23,57712,6,5,4,2446,YA
PARTAI GOLONGAN KARYA,ALI ADJI,L,ADIWERNA,23,57712,6,5,5,423,TIDAK
PARTAI GOLONGAN KARYA,EKA AFNIATI,P,TALANG,23,57712,6,5,6,172,TIDAK
PARTAI GOLONGAN KARYA,"DULHADI, BA",L,TALANG,23,57712,6,5,7,660,TIDAK
PARTAI GOLONGAN KARYA,HARSOYO,L,ADIWERNA,23,57712,6,5,8,1924,TIDAK
PARTAI GOLONGAN KARYA,"DILLAH HIDAYAT,SIP",P,DUKUHTURI,23,57712,6,5,9,2064,TIDAK
PARTAI GOLONGAN KARYA,"AGUS TRIYONO, H, SP",L,KRAMAT,23,57712,6,6,1,1572,YA
PARTAI GOLONGAN KARYA,ROFI'I. BSC,L,WARUREJA,23,57712,6,6,2,1196,TIDAK
PARTAI GOLONGAN KARYA,RATNA RIYANTI,P,KRAMAT,23,57712,6,6,3,253,TIDAK
PARTAI GOLONGAN KARYA,"KHASANURI,SH.MM",L,WARUREJA,23,57712,6,6,4,1345,TIDAK
PARTAI PERSATUAN PEMBANGUNAN,SUSNERI,L,LEBAKSIU,24,31288,3,1,1,1428,TIDAK
PARTAI PERSATUAN PEMBANGUNAN,SITI CHOLISOH,P,BUMIJAWA,24,31288,3,1,2,433,TIDAK
PARTAI PERSATUAN PEMBANGUNAN,SUBROTO,L,SLAWI,24,31288,3,1,3,97,TIDAK
PARTAI PERSATUAN PEMBANGUNAN,EKO MAHENDRA,L,PANGKAH,24,31288,3,2,1,843,TIDAK
PARTAI PERSATUAN PEMBANGUNAN,NOFAL SALEH,L,TARUB,24,31288,3,2,2,1994,YA
PARTAI PERSATUAN PEMBANGUNAN,MUFLIKHA,P,PANGKAH,24,31288,3,2,3,533,TIDAK
PARTAI PERSATUAN PEMBANGUNAN,A.GUFRONI,L,PANGKAH,24,31288,3,2,4,1908,TIDAK
PARTAI PERSATUAN PEMBANGUNAN,ALI GHOZI,L,PANGKAH,24,31288,3,2,5,198,TIDAK
PARTAI PERSATUAN PEMBANGUNAN,NUR FASIKHA,P,BUMIJAWA,24,31288,3,3,1,2347,TIDAK
PARTAI PERSATUAN PEMBANGUNAN,MASDAR HELMI,L,BOJONG,24,31288,3,3,2,1591,TIDAK
PARTAI PERSATUAN PEMBANGUNAN,A. MUJAENI,L,JATINEGARA,24,31288,3,3,3,2555,YA
PARTAI PERSATUAN PEMBANGUNAN,AMRUL FAHMI,L,BUMIJAWA,24,31288,3,3,4,346,TIDAK
PARTAI PERSATUAN PEMBANGUNAN,MUATIF,L,BUMIJAWA,24,31288,3,3,5,570,TIDAK
PARTAI PERSATUAN PEMBANGUNAN,NUR ROKHMAH,P,BUMIJAWA,24,31288,3,3,6,655,TIDAK
PARTAI PERSATUAN PEMBANGUNAN,ARIS HIMAWAN,L,BALAPULANG,24,31288,3,4,1,1126,TIDAK
PARTAI PERSATUAN PEMBANGUNAN,"MA'MUN, SAg",L,BALAPULANG,24,31288,3,4,2,23,TIDAK
PARTAI PERSATUAN PEMBANGUNAN,LAILATUL HASANAH,P,BALAPULANG,24,31288,3,4,3,91,TIDAK
PARTAI PERSATUAN PEMBANGUNAN,ABDUL AFIF,L,BALAPULANG,24,31288,3,4,4,510,TIDAK
PARTAI PERSATUAN PEMBANGUNAN,MAFRIKHA,P,BALAPULANG,24,31288,3,4,5,36,TIDAK
PARTAI PERSATUAN PEMBANGUNAN,MUFASIRIN,L,TALANG,24,31288,3,5,1,1039,TIDAK
PARTAI PERSATUAN PEMBANGUNAN,SACHORI,P,WARUREJA,24,31288,3,5,2,1837,TIDAK
PARTAI PERSATUAN PEMBANGUNAN,MOH SUHARSO,L,WARUREJA,24,31288,3,5,3,1183,TIDAK
PARTAI PERSATUAN PEMBANGUNAN,"AKHMAD TUBAGUS FAHMI,SH",L,WARUREJA,24,31288,3,6,1,1984,TIDAK
PARTAI PERSATUAN PEMBANGUNAN,"KUSTIKA DEWI RISTANTI,SE",P,WARUREJA,24,31288,3,6,2,193,TIDAK
PARTAI NASIONAL BENTENG KERAKYATAN INDONESIA,SISWANTO,L,KRAMAT,26,174,0,5,1,28,TIDAK
PARTAI NASIONAL BENTENG KERAKYATAN INDONESIA,BAMBANG HARJITO,L,KRAMAT,26,174,0,6,1,43,TIDAK
PARTAI BULAN BINTANG,N. TAUFIK. ABZ,L,SLAWI,27,5748,0,1,1,116,TIDAK
PARTAI BULAN BINTANG,BASUKI RAHMAT,L,PANGKAH,27,5748,0,2,1,1251,TIDAK
PARTAI BULAN BINTANG,"MUNTASIR, SE",L,TARUB,27,5748,0,2,2,2143,TIDAK
PARTAI BULAN BINTANG,AHMAD FARIKHI,L,BOJONG,27,5748,0,3,1,77,TIDAK
PARTAI BULAN BINTANG,EDI RISWANTO,L,MARGASARI ,27,5748,0,4,1,149,TIDAK
PARTAI BULAN BINTANG,"MOH.TAUFIK,SS",L,ADIWERNA,27,5748,0,5,1,147,TIDAK
PARTAI BULAN BINTANG,SISWOYO,L,PANGKAH,27,5748,0,6,1,82,TIDAK
PARTAI DEMOKRASI INDONESIA PERJUANGAN," DAKIR, SH ",L, LEBAKSIU ,28,143817,13,1,1,2634,YA
PARTAI DEMOKRASI INDONESIA PERJUANGAN," TEGUH WIDIARSO, S.Kom ",L, SLAWI ,28,143817,13,1,2,2528,YA
PARTAI DEMOKRASI INDONESIA PERJUANGAN, SUHERLINA ,P, DUKUHWARU ,28,143817,13,1,3,1327,TIDAK
PARTAI DEMOKRASI INDONESIA PERJUANGAN, ROJAK ,L, SLAWI ,28,143817,13,1,4,2162,TIDAK
PARTAI DEMOKRASI INDONESIA PERJUANGAN, Ir. KAYA RIYADI ,L, DUKUHWARU ,28,143817,13,1,5,1130,TIDAK
PARTAI DEMOKRASI INDONESIA PERJUANGAN, MAESUROH ,P, LEBAKSIU ,28,143817,13,1,6,672,TIDAK
PARTAI DEMOKRASI INDONESIA PERJUANGAN, SURIPTO ,L, SLAWI ,28,143817,13,1,7,1782,TIDAK
PARTAI DEMOKRASI INDONESIA PERJUANGAN, SRI HONO WIHARTO ,P, LEBAKSIU ,28,143817,13,1,8,231,TIDAK
PARTAI DEMOKRASI INDONESIA PERJUANGAN, SRI MARHAENI RUDIATIN ,P, ADIWERNA ,28,143817,13,1,9,143,TIDAK
PARTAI DEMOKRASI INDONESIA PERJUANGAN, DAID ,L, DUKUHWARU ,28,143817,13,1,10,437,TIDAK
PARTAI DEMOKRASI INDONESIA PERJUANGAN, SLAMET ,L, KEDUNGBANTENG ,28,143817,13,2,1,2898,TIDAK
PARTAI DEMOKRASI INDONESIA PERJUANGAN, RASIKIN ,L, KEDUNGBANTENG ,28,143817,13,2,2,2931,YA
PARTAI DEMOKRASI INDONESIA PERJUANGAN, SUEMAH ,P, TARUB ,28,143817,13,2,3,1473,TIDAK
PARTAI DEMOKRASI INDONESIA PERJUANGAN, Drs. HM. JAHRI ,L, PANGKAH ,28,143817,13,2,4,1623,TIDAK
PARTAI DEMOKRASI INDONESIA PERJUANGAN, SANUSI ,L, TARUB ,28,143817,13,2,5,438,TIDAK
PARTAI DEMOKRASI INDONESIA PERJUANGAN, ROKHANI ,L, KEDUNGBANTENG ,28,143817,13,2,6,168,TIDAK
PARTAI DEMOKRASI INDONESIA PERJUANGAN, CAMALI ,L, PANGKAH ,28,143817,13,2,7,1669,TIDAK
PARTAI DEMOKRASI INDONESIA PERJUANGAN, AMIRUDIN WIAN ,L, PANGKAH ,28,143817,13,2,8,1579,TIDAK
PARTAI DEMOKRASI INDONESIA PERJUANGAN, MG. MARHAENISMANTO ,L, BUMIJAWA ,28,143817,13,3,1,7170,YA
PARTAI DEMOKRASI INDONESIA PERJUANGAN, BAMBANG ROMDHON IRAWANTO ,L, JATINEGARA ,28,143817,13,3,2,3099,YA
PARTAI DEMOKRASI INDONESIA PERJUANGAN, Dra. ARI SETYANING KARANAWATI ,P, BOJONG ,28,143817,13,3,3,347,TIDAK
PARTAI DEMOKRASI INDONESIA PERJUANGAN, SUGENG ,L, BUMIJAWA ,28,143817,13,3,4,188,TIDAK
PARTAI DEMOKRASI INDONESIA PERJUANGAN, EVA NURJANAH ,P, BUMIJAWA ,28,143817,13,3,5,2984,TIDAK
PARTAI DEMOKRASI INDONESIA PERJUANGAN," ERRY SOEKARDI, S.IP ",L, WARUREJA ,28,143817,13,3,6,68,TIDAK
PARTAI DEMOKRASI INDONESIA PERJUANGAN, PUTRA FAJAR SUNJAYA ,L, KRAMAT ,28,143817,13,3,7,937,TIDAK
PARTAI DEMOKRASI INDONESIA PERJUANGAN, ROJIKIN AH ,L, BALAPULANG ,28,143817,13,4,1,9925,YA
PARTAI DEMOKRASI INDONESIA PERJUANGAN," SUHARGO, SH ",L, PAGERBARANG ,28,143817,13,4,2,1464,YA
PARTAI DEMOKRASI INDONESIA PERJUANGAN, MARHAMAH ,P, MARGASARI  ,28,143817,13,4,3,4320,YA
PARTAI DEMOKRASI INDONESIA PERJUANGAN, BAMBANG SUPRIYADI ,L, MARGASARI  ,28,143817,13,4,4,2391,TIDAK
PARTAI DEMOKRASI INDONESIA PERJUANGAN, SUGONO ,L, MARGASARI  ,28,143817,13,4,5,6372,TIDAK
PARTAI DEMOKRASI INDONESIA PERJUANGAN," LILIS KHOTIMAH, S.Sos.I ",P, BALAPULANG ,28,143817,13,4,6,632,TIDAK
PARTAI DEMOKRASI INDONESIA PERJUANGAN, HARJO RASDI ,L, BALAPULANG ,28,143817,13,4,7,2173,TIDAK
PARTAI DEMOKRASI INDONESIA PERJUANGAN," KHAERUDIN, S.Sos.I ",L, BALAPULANG ,28,143817,13,4,8,1,TIDAK
PARTAI DEMOKRASI INDONESIA PERJUANGAN, NOVALIA PUTRI ,P, BALAPULANG ,28,143817,13,4,9,27,TIDAK
PARTAI DEMOKRASI INDONESIA PERJUANGAN," ANDIKA IFANANI ANUNGGAL, SH ",L, BALAPULANG ,28,143817,13,4,10,37,TIDAK
PARTAI DEMOKRASI INDONESIA PERJUANGAN," H. SAMSUL MA'ARIF, SH ",L, ADIWERNA ,28,143817,13,5,1,2083,YA
PARTAI DEMOKRASI INDONESIA PERJUANGAN, NURSIDIK ,L, ADIWERNA ,28,143817,13,5,2,3244,YA
PARTAI DEMOKRASI INDONESIA PERJUANGAN," LILI MARDIANI, SH ",P, DUKUHTURI ,28,143817,13,5,3,0,TIDAK
PARTAI DEMOKRASI INDONESIA PERJUANGAN," NUR MEGARANI, A.Md. ",P, TALANG ,28,143817,13,5,4,638,TIDAK
PARTAI DEMOKRASI INDONESIA PERJUANGAN, KARSO ,L, TALANG ,28,143817,13,5,5,481,TIDAK
PARTAI DEMOKRASI INDONESIA PERJUANGAN, FIRDAUS ROSYADI ,L, DUKUHTURI ,28,143817,13,5,6,1962,TIDAK
PARTAI DEMOKRASI INDONESIA PERJUANGAN," OKTOFIANA FITRI, ST ",P, ADIWERNA ,28,143817,13,5,7,1418,TIDAK
PARTAI DEMOKRASI INDONESIA PERJUANGAN, RUSLANI ,L, DUKUHTURI ,28,143817,13,5,8,257,TIDAK
PARTAI DEMOKRASI INDONESIA PERJUANGAN," NOPI SUGIYANTO, A.Md, S.Si ",L, DUKUHTURI ,28,143817,13,5,9,1643,TIDAK
PARTAI DEMOKRASI INDONESIA PERJUANGAN, KUSWANTO ,L, DUKUHTURI ,28,143817,13,5,10,1875,TIDAK
PARTAI DEMOKRASI INDONESIA PERJUANGAN," TRI LEKSONO, A.Md. ",L, WARUREJA ,28,143817,13,6,1,5418,YA
PARTAI DEMOKRASI INDONESIA PERJUANGAN, INDRA SUTRISNO ,L, KRAMAT ,28,143817,13,6,2,2759,TIDAK
PARTAI DEMOKRASI INDONESIA PERJUANGAN, SARIPAH ,P, WARUREJA ,28,143817,13,6,3,2125,TIDAK
PARTAI DEMOKRASI INDONESIA PERJUANGAN, Drs. WARGONO ,L, KRAMAT ,28,143817,13,6,4,1889,TIDAK
PARTAI DEMOKRASI INDONESIA PERJUANGAN, KASMUI ,L, SURODADI ,28,143817,13,6,5,460,TIDAK
PARTAI DEMOKRASI INDONESIA PERJUANGAN, USWATUN KHASANAH ,P, KRAMAT ,28,143817,13,6,6,1472,TIDAK
PARTAI DEMOKRASI INDONESIA PERJUANGAN, RUSTOYO ,L, SURODADI ,28,143817,13,6,7,4550,YA
PARTAI DEMOKRASI INDONESIA PERJUANGAN," SUMADIYO, A.Md. ",L, SURODADI ,28,143817,13,6,8,2110,TIDAK
PARTAI DEMOKRASI INDONESIA PERJUANGAN, H. BUJI WALUYO ,L, WARUREJA ,28,143817,13,6,9,5134,YA
PARTAI DEMOKRASI INDONESIA PERJUANGAN, ARY KRISTIAWAN ,L, KRAMAT ,28,143817,13,6,10,488,TIDAK
PARTAI DEMOKRASI INDONESIA PERJUANGAN, YANI RATNAWATI ,P, SLAWI ,28,143817,13,6,11,148,TIDAK
PARTAI BINTANG REFORMASI,EDI SUSWANTO,L, SLAWI ,29,6237,0,1,1,89,TIDAK
PARTAI BINTANG REFORMASI,"MOHAMAD IDRIS ALI AKBAR, SH",L,TARUB,29,6237,0,2,1,277,TIDAK
PARTAI BINTANG REFORMASI,"MUSBIKHIN, SH",L,BALAPULANG,29,6237,0,3,1,182,TIDAK
PARTAI BINTANG REFORMASI,TOID DARMOWIYOTO,L,BALAPULANG,29,6237,0,4,1,52,TIDAK
PARTAI BINTANG REFORMASI,"H. LULUS UJIANTO, BA",L,BALAPULANG,29,6237,0,4,2,114,TIDAK
PARTAI BINTANG REFORMASI,"WIJAYANTI, SE",P,BALAPULANG,29,6237,0,4,3,117,TIDAK
PARTAI BINTANG REFORMASI,LATIFAH,P,WARUREJA,29,6237,0,4,4,10,TIDAK
PARTAI BINTANG REFORMASI,"RAHARJO, S.Pd",L,BOJONG,29,6237,0,5,1,117,TIDAK
PARTAI BINTANG REFORMASI,"RINO HADIYANTO, A.Md",L,KRAMAT,29,6237,0,6,1,2735,TIDAK
PARTAI BINTANG REFORMASI,RINI PANETI,P,KRAMAT,29,6237,0,6,2,817,TIDAK
PARTAI PATRIOT,M ABDULLAH,L,LEBAKSIU,30,167,0,1,1,113,TIDAK
PARTAI DEMOKRAT,NICO PRAKOSO,L,SLAWI,31,58683,6,1,1,2152,YA
PARTAI DEMOKRAT,KAERI,L,SLAWI,31,58683,6,1,2,972,TIDAK
PARTAI DEMOKRAT,BAGUS DICKY SONJAYA,L,SLAWI,31,58683,6,1,3,1666,TIDAK
PARTAI DEMOKRAT,Dra. RUMIYATI DP,P,SLAWI,31,58683,6,1,4,594,TIDAK
PARTAI DEMOKRAT,Drs. SUKHAEMI ANNUR,L,MARGASARI,31,58683,6,2,1,1010,TIDAK
PARTAI DEMOKRAT,"AHMAD FATIKHUDIN, S.Ag",L,TARUB,31,58683,6,2,2,3959,YA
PARTAI DEMOKRAT,LAELIYAH,P,TARUB,31,58683,6,2,3,770,TIDAK
PARTAI DEMOKRAT,ABDUL LATIF,L,TARUB,31,58683,6,2,4,1185,TIDAK
PARTAI DEMOKRAT,"Hj. AYU PALARETIN, S.Sos",P,SLAWI,31,58683,6,3,1,2543,YA
PARTAI DEMOKRAT,TAUFIKIN,L,DUKUHTURI,31,58683,6,3,2,370,TIDAK
PARTAI DEMOKRAT,TEGUH MULYADI,L,BUMIJAWA,31,58683,6,3,3,815,TIDAK
PARTAI DEMOKRAT,"SRIYANTO, S.Si",L,MARGASARI,31,58683,6,4,1,3107,YA
PARTAI DEMOKRAT,ROKHANI,P,PAGERBARANG,31,58683,6,4,2,761,TIDAK
PARTAI DEMOKRAT,FUAD HASBULLOH,L,MARGASARI,31,58683,6,4,3,742,TIDAK
PARTAI DEMOKRAT,"CHANDRI SIMBOLON, SE",L,PANGKAH,31,58683,6,4,4,448,TIDAK
PARTAI DEMOKRAT,"SURAJI, SH",L,MARGASARI,31,58683,6,4,5,687,TIDAK
PARTAI DEMOKRAT,E. RISA HANDAYANI,P,SLAWI,31,58683,6,5,1,2445,TIDAK
PARTAI DEMOKRAT,"AGUS SULARDI, Amd",L,KRAMAT,31,58683,6,5,2,1332,TIDAK
PARTAI DEMOKRAT,SITI AELIYAH,L,TALANG,31,58683,6,5,3,1589,TIDAK
PARTAI DEMOKRAT,SAGIMAN ARIES TRIADY,L,SLAWI,31,58683,6,5,4,678,TIDAK
PARTAI DEMOKRAT,"M. ZIMAMUL KHAQ, S.Pd.I",L,LEBAKSIU,31,58683,6,5,5,2776,YA
PARTAI DEMOKRAT,"RUDY FATKHURIYANTO, SIP",L,KRAMAT,31,58683,6,6,1,2445,YA
PARTAI DEMOKRAT,"ALINA TIS'A PUSPITA, SH",P,KRAMAT,31,58683,6,6,2,1105,TIDAK
PARTAI INDONESIA SEJAHTERA,IRWAN JAELANI KURNIAWAN,L,DUKUHWARU,33,789,0,1,1,202,TIDAK
PARTAI INDONESIA SEJAHTERA,"WINARNO, ST",L,SLAWI,33,789,0,1,2,56,TIDAK
PARTAI INDONESIA SEJAHTERA,"MOHAMAD KHOLIK, SH",L,ADIWERNA,33,789,0,3,1,32,TIDAK
PARTAI INDONESIA SEJAHTERA,"JUSRI SIHOMBING, S.Si",L,ADIWERNA,33,789,0,5,1,82,TIDAK
PARTAI INDONESIA SEJAHTERA,"NILA PETRI NOPANI,S.Farm",P,ADIWERNA,33,789,0,5,2,48,TIDAK
PARTAI INDONESIA SEJAHTERA,TARJONO,L,ADIWERNA,33,789,0,5,3,101,TIDAK
PARTAI KEBANGKITAN INDONESIA,Drs.H.MUHAMMAD SALEH,L,LEBAKSIU,34,14308,0,1,1,1531,TIDAK
PARTAI KEBANGKITAN INDONESIA,Hj. SOFATI,P,SLAWI,34,14308,0,1,2,79,TIDAK
PARTAI KEBANGKITAN INDONESIA,IKOH AGUS GAYO,L,LEBAKSIU,34,14308,0,1,3,82,TIDAK
PARTAI KEBANGKITAN INDONESIA,Drs.ALI IMRON,L,TARUB,34,14308,0,2,1,1669,TIDAK
PARTAI KEBANGKITAN INDONESIA,HJ SITI WAKHIDAH,P,PANGKAH,34,14308,0,2,2,125,TIDAK
PARTAI KEBANGKITAN INDONESIA,"H.ZAINAL ABIDIN ISHAK,SH",L,TARUB,34,14308,0,2,3,2568,TIDAK
PARTAI KEBANGKITAN INDONESIA,"TARNOTO,S.Sos",L,KEDUNGBANTENG,34,14308,0,2,4,469,TIDAK
PARTAI KEBANGKITAN INDONESIA,"BALYA UMAR ,S.Pdi",L,PANGKAH,34,14308,0,2,5,303,TIDAK
PARTAI KEBANGKITAN INDONESIA,"HJ.FASIKHA,HB",P,TARUB,34,14308,0,2,6,186,TIDAK
PARTAI KEBANGKITAN INDONESIA,"MUHAMMAD SUROSA,S.Ag",L,BUMIJAWA,34,14308,0,3,1,339,TIDAK
PARTAI KEBANGKITAN INDONESIA,"FATKHUDIN,SPdi",L,BUMIJAWA,34,14308,0,3,2,365,TIDAK
PARTAI KEBANGKITAN INDONESIA,"SITI FATIMAH,SPDi",P,JATINEGARA,34,14308,0,3,3,756,TIDAK
PARTAI KEBANGKITAN INDONESIA,M.SISWORO HARTONO,L,BALAPULANG,34,14308,0,4,1,189,TIDAK
PARTAI KEBANGKITAN INDONESIA,ROHMAN,L,MARGASARI,34,14308,0,4,2,168,TIDAK
PARTAI KEBANGKITAN INDONESIA,NURHASIM,L,BALAPULANG,34,14308,0,4,3,26,TIDAK
PARTAI KEBANGKITAN INDONESIA,CASWIKA,L,ADIWERNA,34,14308,0,5,1,1076,TIDAK
PARTAI KEBANGKITAN INDONESIA,H AGUS AMIR,L,ADIWERNA,34,14308,0,5,2,642,TIDAK
PARTAI KEBANGKITAN INDONESIA,YUSRI AMRI,L,ADIWERNA,34,14308,0,5,3,709,TIDAK
PARTAI KEBANGKITAN INDONESIA,WAS'UD,L,KRAMAT,34,14308,0,6,1,282,TIDAK
PARTAI KEBANGKITAN INDONESIA,"NURSALIM,S.Ag",L,KRAMAT,34,14308,0,6,2,233,TIDAK
PARTAI KEBANGKITAN INDONESIA,"Hj.SITI ULWIYATUL WAFIROH,SAg",P,LEBAKSIU,34,14308,0,6,3,36,TIDAK
PARTAI PERSATUAN NAHDLATUL UMMAH INDONESIA,ULFATUZ ZAKIYAH,P,ADIWERNA,42,634,0,2,1,49,TIDAK
PARTAI PERSATUAN NAHDLATUL UMMAH INDONESIA,YUSUF RIFA'I,L,TALANG,42,634,0,5,1,368,TIDAK
PARTAI BURUH,ADIKIN,L,PANGKAH,44,11003,1,2,1,559,TIDAK
PARTAI BURUH,DAHURI,L,KRAMAT,44,11003,1,6,1,410,TIDAK
PARTAI BURUH,ADY KUNTORO,L,SURODADI,44,11003,1,6,2,4680,YA
PARTAI BURUH,NIASRINI,P,KRAMAT,44,11003,1,6,3,123,TIDAK
PARTAI BURUH,YUDA KURNIAWAN,L,KRAMAT,44,11003,1,6,4,402,TIDAK
PARTAI BURUH,WAHYUDIN,L,KRAMAT,44,11003,1,6,5,3065,TIDAK
PARTAI BURUH,SITI JURIYAH,P,KRAMAT,44,11003,1,6,6,72,TIDAK
PARTAI BURUH,MOHAMAD SOLIKHUN,L,KRAMAT,44,11003,1,6,7,52,TIDAK
PARTAI BURUH,MEGENG,L,KRAMAT,44,11003,1,6,8,397,TIDAK
